<?xml version="1.0" encoding="UTF-8"?>
<project-private xmlns="http://www.netbeans.org/ns/project-private/1">
    <editor-bookmarks xmlns="http://www.netbeans.org/ns/editor-bookmarks/2" lastBookmarkId="0"/>
    <open-files xmlns="http://www.netbeans.org/ns/projectui-open-files/2">
        <group>
            <file>file:/C:/Users/91730/git-files/AED_FINALPROJECT/GroupAssignment-1/src/UserAccounts/UserAccountDirectory.java</file>
            <file>file:/C:/Users/91730/git-files/AED_FINALPROJECT/GroupAssignment-1/src/Role/Role.java</file>
            <file>file:/C:/Users/91730/git-files/AED_FINALPROJECT/GroupAssignment-1/src/UI/HeadOfDepartment/HeadOfDepartmentJFrame.java</file>
            <file>file:/C:/Users/91730/git-files/AED_FINALPROJECT/GroupAssignment-1/src/Business/Business.java</file>
            <file>file:/C:/Users/91730/git-files/AED_FINALPROJECT/GroupAssignment-1/src/UI/SystemAdminPanel/HodJPanel.java</file>
            <file>file:/C:/Users/91730/git-files/AED_FINALPROJECT/GroupAssignment-1/src/Role/SystemAdmin.java</file>
            <file>file:/C:/Users/91730/git-files/AED_FINALPROJECT/GroupAssignment-1/src/UI/MainJFrame.java</file>
            <file>file:/C:/Users/91730/git-files/AED_FINALPROJECT/GroupAssignment-1/src/UserAccounts/UserAccounts.java</file>
            <file>file:/C:/Users/91730/git-files/AED_FINALPROJECT/GroupAssignment-1/src/Role/HOD.java</file>
            <file>file:/C:/Users/91730/git-files/AED_FINALPROJECT/GroupAssignment-1/src/UI/SystemAdminPanel/DepartmentJPanel.java</file>
        </group>
    </open-files>
</project-private>
